<?xml version="1.0" encoding="UTF-8"?>
<!DOCTYPE mapper PUBLIC "-//mybatis.org//DTD Mapper 3.0//EN" "http://mybatis.org/dtd/mybatis-3-mapper.dtd">
<mapper namespace="com.doak.springbootMybatisdemo.mapper.UserMapper">
  <resultMap id="BaseResultMap" type="com.doak.springbootMybatisdemo.entity.User">
    <!--
      WARNING - @mbg.generated
      This element is automatically generated by MyBatis Generator, do not modify.
    -->
    <id column="user_name" jdbcType="VARCHAR" property="userName" />
    <result column="id" jdbcType="INTEGER" property="id" />
    <result column="address" jdbcType="VARCHAR" property="address" />
    <result column="birthday" jdbcType="TIMESTAMP" property="birthday" />
    <result column="gender" jdbcType="VARCHAR" property="gender" />
    <result column="phone" jdbcType="VARCHAR" property="phone" />
    <result column="password" jdbcType="VARCHAR" property="password" />
  </resultMap>
  <sql id="Base_Column_List">
    <!--
      WARNING - @mbg.generated
      This element is automatically generated by MyBatis Generator, do not modify.
    -->
    user_name, id, address, birthday, gender, phone, password
  </sql>
  <select id="selectByPrimaryKey" parameterType="java.lang.String" resultMap="BaseResultMap">
    <!--
      WARNING - @mbg.generated
      This element is automatically generated by MyBatis Generator, do not modify.
    -->
    select 
    <include refid="Base_Column_List" />
    from user
    where user_name = #{userName,jdbcType=VARCHAR}
  </select>
  <delete id="deleteByPrimaryKey" parameterType="java.lang.String">
    <!--
      WARNING - @mbg.generated
      This element is automatically generated by MyBatis Generator, do not modify.
    -->
    delete from user
    where user_name = #{userName,jdbcType=VARCHAR}
  </delete>
  <insert id="insert" parameterType="com.doak.springbootMybatisdemo.entity.User">
    <!--
      WARNING - @mbg.generated
      This element is automatically generated by MyBatis Generator, do not modify.
    -->
    insert into user (user_name, id, address, 
      birthday, gender, phone, 
      password)
    values (#{userName,jdbcType=VARCHAR}, #{id,jdbcType=INTEGER}, #{address,jdbcType=VARCHAR}, 
      #{birthday,jdbcType=TIMESTAMP}, #{gender,jdbcType=VARCHAR}, #{phone,jdbcType=VARCHAR}, 
      #{password,jdbcType=VARCHAR})
  </insert>
  <insert id="insertSelective" parameterType="com.doak.springbootMybatisdemo.entity.User">
    <!--
      WARNING - @mbg.generated
      This element is automatically generated by MyBatis Generator, do not modify.
    -->
    insert into user
    <trim prefix="(" suffix=")" suffixOverrides=",">
      <if test="userName != null">
        user_name,
      </if>
      <if test="id != null">
        id,
      </if>
      <if test="address != null">
        address,
      </if>
      <if test="birthday != null">
        birthday,
      </if>
      <if test="gender != null">
        gender,
      </if>
      <if test="phone != null">
        phone,
      </if>
      <if test="password != null">
        password,
      </if>
    </trim>
    <trim prefix="values (" suffix=")" suffixOverrides=",">
      <if test="userName != null">
        #{userName,jdbcType=VARCHAR},
      </if>
      <if test="id != null">
        #{id,jdbcType=INTEGER},
      </if>
      <if test="address != null">
        #{address,jdbcType=VARCHAR},
      </if>
      <if test="birthday != null">
        #{birthday,jdbcType=TIMESTAMP},
      </if>
      <if test="gender != null">
        #{gender,jdbcType=VARCHAR},
      </if>
      <if test="phone != null">
        #{phone,jdbcType=VARCHAR},
      </if>
      <if test="password != null">
        #{password,jdbcType=VARCHAR},
      </if>
    </trim>
  </insert>
  <update id="updateByPrimaryKeySelective" parameterType="com.doak.springbootMybatisdemo.entity.User">
    <!--
      WARNING - @mbg.generated
      This element is automatically generated by MyBatis Generator, do not modify.
    -->
    update user
    <set>
      <if test="id != null">
        id = #{id,jdbcType=INTEGER},
      </if>
      <if test="address != null">
        address = #{address,jdbcType=VARCHAR},
      </if>
      <if test="birthday != null">
        birthday = #{birthday,jdbcType=TIMESTAMP},
      </if>
      <if test="gender != null">
        gender = #{gender,jdbcType=VARCHAR},
      </if>
      <if test="phone != null">
        phone = #{phone,jdbcType=VARCHAR},
      </if>
      <if test="password != null">
        password = #{password,jdbcType=VARCHAR},
      </if>
    </set>
    where user_name = #{userName,jdbcType=VARCHAR}
  </update>
  <update id="updateByPrimaryKey" parameterType="com.doak.springbootMybatisdemo.entity.User">
    <!--
      WARNING - @mbg.generated
      This element is automatically generated by MyBatis Generator, do not modify.
    -->
    update user
    set id = #{id,jdbcType=INTEGER},
      address = #{address,jdbcType=VARCHAR},
      birthday = #{birthday,jdbcType=TIMESTAMP},
      gender = #{gender,jdbcType=VARCHAR},
      phone = #{phone,jdbcType=VARCHAR},
      password = #{password,jdbcType=VARCHAR}
    where user_name = #{userName,jdbcType=VARCHAR}
  </update>
  <select id="selectByPage" resultMap="BaseResultMap">
    SELECT <include refid="Base_Column_List" /> FROM user LIMIT #{offset},#{limit}
  </select>
  
  <select id="selectUser"  parameterType = "java.lang.String" resultMap="BaseResultMap">
    SELECT <include refid="Base_Column_List" /> FROM user where user_name= #{userName1} and password =#{password1} 
  </select>
</mapper>